[
  {
    "coursename": "Introduction to Coding",
    "term": "2nd term",
    "courseDescription": "NAN",
    "courseNumber": "CS128",
    "condition": "",
    "prerequitiesOne": "",
    "prerequitiesTwo": "",
    "seletionStatus": false,
    "imageUrl": "https://cdn2.iconfinder.com/data/icons/unigrid-phantom-devices-vol-6/60/017_278_rocket_app_process_business_start_launch_desktop-256.png"
  },
  {
    "coursename": "Introducing to Programming",
    "term": "1st term",
    "courseDescription": "NAN",
    "courseNumber": "CS161",
    "condition": "",
    "prerequitiesOne": "",
    "prerequitiesTwo": "",
    "seletionStatus": false,
    "imageUrl": "https://cdn2.iconfinder.com/data/icons/unigrid-phantom-devices-vol-6/60/017_253_computer_document_office_work_text-256.png"
  },
  {
    "coursename": "Programming on Datastructure",
    "term": "2nd term",
    "courseDescription": "NAN",
    "courseNumber": "CS162",
    "condition": "",
    "prerequitiesOne": "CS161",
    "prerequitiesTwo": "",
    "seletionStatus": false,
    "imageUrl": "https://cdn2.iconfinder.com/data/icons/unigrid-phantom-devices-vol-6/60/017_253_computer_document_office_work_text-256.png"
  },
  {
    "coursename": "Social Issues",
    "term": "2nd term",
    "courseDescription": "NAN",
    "courseNumber": "CS250",
    "condition": "",
    "prerequitiesOne": "",
    "prerequitiesTwo": "",
    "seletionStatus": false,
    "imageUrl": "https://cdn3.iconfinder.com/data/icons/unigrid-phantom-interior-vol-2/60/026_098_workplace_table_lamp_computer_work_interior-128.png"
  },
  {
    "coursename": "Health Analysis",
    "term": "1st term",
    "courseDescription": "NAN",
    "courseNumber": "CS225",
    "condition": "1",
    "prerequitiesOne": "CS161",
    "prerequitiesTwo": "CS128",
    "seletionStatus": false,
    "imageUrl": "https://cdn3.iconfinder.com/data/icons/unigrid-phantom-interior-vol-2/60/026_098_workplace_table_lamp_computer_work_interior-128.png"
  },
  {
    "coursename": "Data Science",
    "term": "1st term",
    "courseDescription": "NAN",
    "courseNumber": "CS223",
    "condition": "",
    "prerequitiesOne": "CS161",
    "prerequitiesTwo": "",
    "seletionStatus": false,
    "imageUrl": "https://cdn3.iconfinder.com/data/icons/unigrid-phantom-interior-vol-2/60/026_098_workplace_table_lamp_computer_work_interior-128.png"
  },
  {
    "coursename": "Advanced Data structure",
    "term": "1st term",
    "courseDescription": "NAN",
    "courseNumber": "CS255",
    "condition": "",
    "prerequitiesOne": "CS162",
    "prerequitiesTwo": "",
    "seletionStatus": false,
    "imageUrl": "https://cdn3.iconfinder.com/data/icons/unigrid-phantom-interior-vol-3/60/026_106_table_desk_work_workplace_computer_office_lamp_cactus_interior_furniture_household-128.png"
  },
  {
    "coursename": "Computer Architecture",
    "term": "2nd term",
    "courseDescription": "NAN",
    "courseNumber": "CS263",
    "condition": "",
    "prerequitiesOne": "cs255",
    "prerequitiesTwo": "",
    "seletionStatus": false,
    "imageUrl": "https://cdn3.iconfinder.com/data/icons/unigrid-phantom-interior-vol-3/60/026_106_table_desk_work_workplace_computer_office_lamp_cactus_interior_furniture_household-128.png"
  },
  {
    "coursename": "DataBase Managment System",
    "term": "2nd term",
    "courseDescription": "NAN",
    "courseNumber": "CS275",
    "condition": "",
    "prerequitiesOne": "CS162",
    "prerequitiesTwo": "",
    "seletionStatus": false,
    "imageUrl": "https://cdn3.iconfinder.com/data/icons/unigrid-phantom-interior-vol-3/60/026_106_table_desk_work_workplace_computer_office_lamp_cactus_interior_furniture_household-128.png"
  },
  {
    "coursename": "Discrete Structure",
    "term": "1st term",
    "courseDescription": "NAN",
    "courseNumber": "CS277",
    "condition": "1",
    "prerequitiesOne": "CS162",
    "prerequitiesTwo": "CS101",
    "seletionStatus": false,
    "imageUrl": "https://cdn2.iconfinder.com/data/icons/personal-computers/512/tablet_android_pc_pad-128.png"
  },
  {
    "coursename": "Evolutionary computation",
    "term": "1st term",
    "courseDescription": "NAN",
    "courseNumber": "CS340",
    "condition": "",
    "prerequitiesOne": "",
    "prerequitiesTwo": "",
    "seletionStatus": false,
    "imageUrl": "https://cdn2.iconfinder.com/data/icons/personal-computers/512/tablet_android_pc_pad-128.png"
  },
  {
    "coursename": "Theory of Computing",
    "term": "1st term",
    "courseDescription": "NAN",
    "courseNumber": "CS356",
    "condition": "2"
  }]